STUDYID,USUBJID,SITEID,QUERYID,QUERY_TYPE,QUERY_STATUS,QUERY_PRIORITY,OPEN_DATE,CLOSE_DATE,DAYS_OPEN,DOMAIN,ASSIGNED_TO
DEMO-STUDY01,DEMO-STUDY01-Site007-0001,Site007,Q-54131,OUT OF RANGE,OPEN,HIGH,2024-10-26,,218,AE,VENDOR
DEMO-STUDY01,DEMO-STUDY01-Site007-0001,Site007,Q-93104,PROTOCOL DEVIATION,OPEN,MEDIUM,2025-01-13,,139,DS,VENDOR
DEMO-STUDY01,DEMO-STUDY01-Site007-0001,Site007,Q-28431,PROTOCOL DEVIATION,CLOSED,LOW,2024-05-13,2024-05-23,10,LB,VENDOR
DEMO-STUDY01,DEMO-STUDY01-Site007-0001,Site007,Q-21394,SAE RECONCILIATION,CANCELLED,MEDIUM,2024-05-19,2024-05-28,9,DS,DM_TEAM
DEMO-STUDY01,DEMO-STUDY01-Site002-0003,Site002,Q-58555,SAE RECONCILIATION,ANSWERED,LOW,2024-03-25,2024-04-01,7,LB,SITE_CRA
DEMO-STUDY01,DEMO-STUDY01-Site002-0003,Site002,Q-79479,PROTOCOL DEVIATION,OPEN,MEDIUM,2024-03-14,,444,AE,VENDOR
DEMO-STUDY01,DEMO-STUDY01-Site002-0003,Site002,Q-75697,INCONSISTENT DATES,CLOSED,LOW,2024-07-02,2024-07-14,12,PD,DM_TEAM
DEMO-STUDY01,DEMO-STUDY01-Site002-0003,Site002,Q-84065,SAE RECONCILIATION,ANSWERED,MEDIUM,2024-07-01,2024-07-14,13,DM,VENDOR
DEMO-STUDY01,DEMO-STUDY01-Site010-0004,Site010,Q-12568,DATA MISSING,OPEN,MEDIUM,2023-04-11,,782,LB,SAFETY
DEMO-STUDY01,DEMO-STUDY01-Site010-0004,Site010,Q-22666,SAE RECONCILIATION,CLOSED,LOW,2023-04-27,2023-04-30,3,AE,DM_TEAM
DEMO-STUDY01,DEMO-STUDY01-Site007-0005,Site007,Q-94651,MISSING FORM,ANSWERED,LOW,2023-11-16,2023-11-19,3,DM,SAFETY
DEMO-STUDY01,DEMO-STUDY01-Site007-0005,Site007,Q-62992,SAE RECONCILIATION,CANCELLED,MEDIUM,2023-12-25,2023-12-28,3,LB,DM_TEAM
DEMO-STUDY01,DEMO-STUDY01-Site007-0005,Site007,Q-33419,SAE RECONCILIATION,ANSWERED,MEDIUM,2024-04-09,2024-04-19,10,DM,VENDOR
DEMO-STUDY01,DEMO-STUDY01-Site004-0006,Site004,Q-43827,SAE RECONCILIATION,ANSWERED,HIGH,2024-07-14,2024-07-25,11,LB,SAFETY
DEMO-STUDY01,DEMO-STUDY01-Site004-0006,Site004,Q-74044,MISSING FORM,CLOSED,MEDIUM,2024-02-20,2024-03-01,10,PD,VENDOR
DEMO-STUDY01,DEMO-STUDY01-Site007-0007,Site007,Q-31976,MISSING FORM,CLOSED,HIGH,2024-07-23,2024-08-04,12,DM,SAFETY
DEMO-STUDY01,DEMO-STUDY01-Site004-0008,Site004,Q-23545,PROTOCOL DEVIATION,ANSWERED,MEDIUM,2024-09-19,2024-09-20,1,LB,SITE_CRA
DEMO-STUDY01,DEMO-STUDY01-Site004-0008,Site004,Q-64384,MISSING FORM,CLOSED,LOW,2024-10-12,2024-10-21,9,PD,VENDOR
DEMO-STUDY01,DEMO-STUDY01-Site004-0008,Site004,Q-77172,DATA MISSING,ANSWERED,LOW,2025-02-24,2025-02-25,1,LB,DM_TEAM
DEMO-STUDY01,DEMO-STUDY01-Site009-0009,Site009,Q-56717,INCONSISTENT DATES,CANCELLED,MEDIUM,2024-06-17,2024-06-20,3,AE,VENDOR
DEMO-STUDY01,DEMO-STUDY01-Site009-0009,Site009,Q-80467,OUT OF RANGE,OPEN,MEDIUM,2024-05-22,,375,DM,SAFETY
DEMO-STUDY01,DEMO-STUDY01-Site009-0010,Site009,Q-96202,MISSING FORM,CLOSED,MEDIUM,2023-11-11,2023-11-23,12,LB,VENDOR
DEMO-STUDY01,DEMO-STUDY01-Site009-0010,Site009,Q-44754,OUT OF RANGE,CLOSED,MEDIUM,2024-02-27,2024-03-01,3,PD,DM_TEAM
DEMO-STUDY01,DEMO-STUDY01-Site009-0010,Site009,Q-47504,OUT OF RANGE,CLOSED,MEDIUM,2023-10-26,2023-11-03,8,DM,SITE_CRA
DEMO-STUDY01,DEMO-STUDY01-Site009-0010,Site009,Q-40306,PROTOCOL DEVIATION,CLOSED,MEDIUM,2023-11-18,2023-11-28,10,DM,VENDOR
DEMO-STUDY01,DEMO-STUDY01-Site008-0011,Site008,Q-39855,OUT OF RANGE,CLOSED,MEDIUM,2025-01-09,2025-01-14,5,DM,SAFETY
DEMO-STUDY01,DEMO-STUDY01-Site010-0012,Site010,Q-12557,DATA MISSING,CLOSED,MEDIUM,2023-12-15,2023-12-18,3,DS,SITE_CRA
DEMO-STUDY01,DEMO-STUDY01-Site010-0012,Site010,Q-48467,DATA MISSING,CLOSED,MEDIUM,2024-03-14,2024-03-27,13,PD,VENDOR
DEMO-STUDY01,DEMO-STUDY01-Site010-0012,Site010,Q-80091,OUT OF RANGE,CLOSED,MEDIUM,2024-01-15,2024-01-16,1,DS,SAFETY
DEMO-STUDY01,DEMO-STUDY01-Site010-0012,Site010,Q-58404,MISSING FORM,CLOSED,MEDIUM,2024-05-23,2024-05-25,2,DM,DM_TEAM
DEMO-STUDY01,DEMO-STUDY01-Site010-0012,Site010,Q-83744,PROTOCOL DEVIATION,CLOSED,LOW,2024-01-27,2024-01-28,1,DS,SITE_CRA
DEMO-STUDY01,DEMO-STUDY01-Site010-0012,Site010,Q-43828,SAE RECONCILIATION,ANSWERED,MEDIUM,2023-09-08,2023-09-17,9,DS,SAFETY
DEMO-STUDY01,DEMO-STUDY01-Site010-0012,Site010,Q-75726,SAE RECONCILIATION,CANCELLED,MEDIUM,2023-12-10,2023-12-14,4,DM,VENDOR
DEMO-STUDY01,DEMO-STUDY01-Site003-0013,Site003,Q-61885,INCONSISTENT DATES,CLOSED,MEDIUM,2024-06-13,2024-06-21,8,AE,SAFETY
DEMO-STUDY01,DEMO-STUDY01-Site003-0013,Site003,Q-55017,DATA MISSING,OPEN,LOW,2024-09-22,,252,DM,SAFETY
DEMO-STUDY01,DEMO-STUDY01-Site009-0014,Site009,Q-20647,SAE RECONCILIATION,CLOSED,HIGH,2023-09-04,2023-09-13,9,DM,VENDOR
DEMO-STUDY01,DEMO-STUDY01-Site009-0014,Site009,Q-87575,MISSING FORM,OPEN,LOW,2024-01-29,,489,PD,SAFETY
DEMO-STUDY01,DEMO-STUDY01-Site004-0015,Site004,Q-62921,MISSING FORM,CLOSED,MEDIUM,2024-02-02,2024-02-08,6,AE,SITE_CRA
DEMO-STUDY01,DEMO-STUDY01-Site009-0018,Site009,Q-58747,SAE RECONCILIATION,CLOSED,MEDIUM,2024-05-23,2024-06-04,12,DS,VENDOR
DEMO-STUDY01,DEMO-STUDY01-Site009-0018,Site009,Q-83523,SAE RECONCILIATION,CLOSED,LOW,2023-10-19,2023-10-27,8,AE,SITE_CRA
DEMO-STUDY01,DEMO-STUDY01-Site008-0020,Site008,Q-15949,DATA MISSING,OPEN,MEDIUM,2024-09-08,,266,DM,SITE_CRA
DEMO-STUDY01,DEMO-STUDY01-Site008-0020,Site008,Q-56175,MISSING FORM,OPEN,HIGH,2024-05-24,,373,DM,VENDOR
DEMO-STUDY01,DEMO-STUDY01-Site010-0021,Site010,Q-77215,OUT OF RANGE,OPEN,LOW,2024-06-12,,354,DM,DM_TEAM
DEMO-STUDY01,DEMO-STUDY01-Site010-0021,Site010,Q-88832,MISSING FORM,OPEN,LOW,2024-05-16,,381,PD,DM_TEAM
DEMO-STUDY01,DEMO-STUDY01-Site010-0021,Site010,Q-45247,SAE RECONCILIATION,OPEN,MEDIUM,2024-04-30,,397,DM,SITE_CRA
DEMO-STUDY01,DEMO-STUDY01-Site010-0021,Site010,Q-33049,MISSING FORM,CLOSED,MEDIUM,2024-05-18,2024-05-28,10,AE,VENDOR
DEMO-STUDY01,DEMO-STUDY01-Site002-0022,Site002,Q-14611,INCONSISTENT DATES,CLOSED,HIGH,2024-05-05,2024-05-18,13,LB,VENDOR
DEMO-STUDY01,DEMO-STUDY01-Site002-0022,Site002,Q-45195,DATA MISSING,CLOSED,MEDIUM,2024-01-21,2024-01-24,3,LB,SAFETY
DEMO-STUDY01,DEMO-STUDY01-Site010-0023,Site010,Q-22161,SAE RECONCILIATION,OPEN,HIGH,2024-03-17,,441,LB,SAFETY
DEMO-STUDY01,DEMO-STUDY01-Site010-0023,Site010,Q-25305,INCONSISTENT DATES,ANSWERED,MEDIUM,2024-06-03,2024-06-13,10,LB,DM_TEAM
DEMO-STUDY01,DEMO-STUDY01-Site010-0023,Site010,Q-36092,OUT OF RANGE,CLOSED,LOW,2024-09-17,2024-09-19,2,PD,DM_TEAM
DEMO-STUDY01,DEMO-STUDY01-Site010-0023,Site010,Q-54425,SAE RECONCILIATION,CANCELLED,LOW,2024-12-07,2024-12-11,4,LB,DM_TEAM
DEMO-STUDY01,DEMO-STUDY01-Site004-0024,Site004,Q-42479,SAE RECONCILIATION,ANSWERED,MEDIUM,2023-11-04,2023-11-18,14,DS,SAFETY
DEMO-STUDY01,DEMO-STUDY01-Site003-0025,Site003,Q-56959,DATA MISSING,CLOSED,MEDIUM,2024-11-20,2024-11-24,4,LB,SAFETY
DEMO-STUDY01,DEMO-STUDY01-Site008-0026,Site008,Q-45270,PROTOCOL DEVIATION,CLOSED,LOW,2024-12-20,2024-12-29,9,PD,SAFETY
DEMO-STUDY01,DEMO-STUDY01-Site010-0027,Site010,Q-99112,PROTOCOL DEVIATION,OPEN,MEDIUM,2023-03-26,,798,PD,DM_TEAM
DEMO-STUDY01,DEMO-STUDY01-Site009-0028,Site009,Q-19348,OUT OF RANGE,CANCELLED,LOW,2023-06-04,2023-06-18,14,LB,SAFETY
DEMO-STUDY01,DEMO-STUDY01-Site009-0028,Site009,Q-33625,INCONSISTENT DATES,CANCELLED,MEDIUM,2023-09-16,2023-09-25,9,DS,SITE_CRA
DEMO-STUDY01,DEMO-STUDY01-Site009-0030,Site009,Q-98092,SAE RECONCILIATION,CLOSED,MEDIUM,2024-09-26,2024-10-01,5,DS,DM_TEAM
DEMO-STUDY01,DEMO-STUDY01-Site001-0031,Site001,Q-82124,PROTOCOL DEVIATION,ANSWERED,MEDIUM,2024-12-04,2024-12-07,3,LB,SITE_CRA
DEMO-STUDY01,DEMO-STUDY01-Site001-0031,Site001,Q-54482,SAE RECONCILIATION,OPEN,HIGH,2024-03-06,,452,PD,SITE_CRA
DEMO-STUDY01,DEMO-STUDY01-Site001-0031,Site001,Q-23116,DATA MISSING,CLOSED,LOW,2024-04-14,2024-04-22,8,LB,DM_TEAM
DEMO-STUDY01,DEMO-STUDY01-Site001-0032,Site001,Q-32700,SAE RECONCILIATION,CANCELLED,MEDIUM,2024-08-13,2024-08-25,12,DS,SAFETY
DEMO-STUDY01,DEMO-STUDY01-Site006-0033,Site006,Q-62638,DATA MISSING,CLOSED,MEDIUM,2023-12-10,2023-12-24,14,LB,VENDOR
DEMO-STUDY01,DEMO-STUDY01-Site006-0033,Site006,Q-33959,PROTOCOL DEVIATION,CANCELLED,MEDIUM,2023-11-05,2023-11-13,8,AE,VENDOR
DEMO-STUDY01,DEMO-STUDY01-Site006-0033,Site006,Q-41921,PROTOCOL DEVIATION,ANSWERED,HIGH,2024-04-05,2024-04-15,10,DM,VENDOR
DEMO-STUDY01,DEMO-STUDY01-Site003-0034,Site003,Q-37532,MISSING FORM,CLOSED,HIGH,2025-01-11,2025-01-24,13,AE,SAFETY
DEMO-STUDY01,DEMO-STUDY01-Site003-0034,Site003,Q-75545,MISSING FORM,CLOSED,LOW,2025-02-24,2025-03-05,9,DS,DM_TEAM
DEMO-STUDY01,DEMO-STUDY01-Site003-0034,Site003,Q-37712,INCONSISTENT DATES,ANSWERED,LOW,2024-10-10,2024-10-16,6,DM,SAFETY
DEMO-STUDY01,DEMO-STUDY01-Site006-0035,Site006,Q-10404,MISSING FORM,OPEN,MEDIUM,2023-07-31,,671,DS,SAFETY
DEMO-STUDY01,DEMO-STUDY01-Site006-0035,Site006,Q-33574,SAE RECONCILIATION,CANCELLED,LOW,2023-09-03,2023-09-08,5,AE,SITE_CRA
DEMO-STUDY01,DEMO-STUDY01-Site006-0035,Site006,Q-66397,DATA MISSING,OPEN,HIGH,2023-07-15,,687,LB,DM_TEAM
DEMO-STUDY01,DEMO-STUDY01-Site006-0035,Site006,Q-80080,DATA MISSING,OPEN,LOW,2023-11-14,,565,AE,VENDOR
DEMO-STUDY01,DEMO-STUDY01-Site006-0035,Site006,Q-24489,INCONSISTENT DATES,OPEN,MEDIUM,2023-07-27,,675,LB,SAFETY
DEMO-STUDY01,DEMO-STUDY01-Site001-0036,Site001,Q-54238,SAE RECONCILIATION,ANSWERED,MEDIUM,2024-01-16,2024-01-23,7,AE,SAFETY
DEMO-STUDY01,DEMO-STUDY01-Site001-0036,Site001,Q-88587,INCONSISTENT DATES,OPEN,MEDIUM,2023-08-21,,650,AE,SITE_CRA
DEMO-STUDY01,DEMO-STUDY01-Site001-0036,Site001,Q-71886,INCONSISTENT DATES,CLOSED,MEDIUM,2024-02-20,2024-02-23,3,DM,VENDOR
DEMO-STUDY01,DEMO-STUDY01-Site006-0037,Site006,Q-65479,DATA MISSING,OPEN,MEDIUM,2024-09-13,,261,PD,VENDOR
DEMO-STUDY01,DEMO-STUDY01-Site006-0037,Site006,Q-15569,SAE RECONCILIATION,CANCELLED,MEDIUM,2024-02-10,2024-02-15,5,LB,VENDOR
DEMO-STUDY01,DEMO-STUDY01-Site006-0037,Site006,Q-90719,OUT OF RANGE,OPEN,HIGH,2024-03-23,,435,PD,VENDOR
DEMO-STUDY01,DEMO-STUDY01-Site010-0038,Site010,Q-21314,OUT OF RANGE,OPEN,LOW,2024-07-13,,323,AE,VENDOR
DEMO-STUDY01,DEMO-STUDY01-Site010-0038,Site010,Q-89252,MISSING FORM,OPEN,HIGH,2024-07-23,,313,DM,VENDOR
DEMO-STUDY01,DEMO-STUDY01-Site010-0038,Site010,Q-91818,DATA MISSING,ANSWERED,HIGH,2024-03-21,2024-04-04,14,DM,SITE_CRA
DEMO-STUDY01,DEMO-STUDY01-Site004-0040,Site004,Q-89714,SAE RECONCILIATION,CLOSED,LOW,2023-03-01,2023-03-09,8,AE,VENDOR
DEMO-STUDY01,DEMO-STUDY01-Site004-0040,Site004,Q-14621,OUT OF RANGE,ANSWERED,MEDIUM,2023-04-22,2023-05-05,13,LB,SAFETY
DEMO-STUDY01,DEMO-STUDY01-Site002-0041,Site002,Q-44674,DATA MISSING,ANSWERED,LOW,2023-12-05,2023-12-08,3,PD,SITE_CRA
DEMO-STUDY01,DEMO-STUDY01-Site002-0041,Site002,Q-16229,INCONSISTENT DATES,ANSWERED,MEDIUM,2023-04-14,2023-04-21,7,DM,DM_TEAM
DEMO-STUDY01,DEMO-STUDY01-Site006-0042,Site006,Q-36069,INCONSISTENT DATES,ANSWERED,MEDIUM,2024-07-05,2024-07-09,4,DM,VENDOR
DEMO-STUDY01,DEMO-STUDY01-Site006-0042,Site006,Q-72981,PROTOCOL DEVIATION,ANSWERED,MEDIUM,2024-02-06,2024-02-11,5,AE,SAFETY
DEMO-STUDY01,DEMO-STUDY01-Site008-0043,Site008,Q-11605,PROTOCOL DEVIATION,OPEN,LOW,2023-08-05,,666,DM,SAFETY
DEMO-STUDY01,DEMO-STUDY01-Site008-0043,Site008,Q-14324,PROTOCOL DEVIATION,OPEN,LOW,2023-11-06,,573,AE,VENDOR
DEMO-STUDY01,DEMO-STUDY01-Site008-0043,Site008,Q-10117,DATA MISSING,CANCELLED,MEDIUM,2023-10-14,2023-10-20,6,LB,SITE_CRA
DEMO-STUDY01,DEMO-STUDY01-Site003-0044,Site003,Q-52101,PROTOCOL DEVIATION,OPEN,MEDIUM,2024-02-20,,467,DM,VENDOR
DEMO-STUDY01,DEMO-STUDY01-Site003-0044,Site003,Q-88477,MISSING FORM,CLOSED,MEDIUM,2024-01-31,2024-02-01,1,LB,SAFETY
DEMO-STUDY01,DEMO-STUDY01-Site003-0044,Site003,Q-69383,INCONSISTENT DATES,OPEN,MEDIUM,2024-06-25,,341,AE,VENDOR
DEMO-STUDY01,DEMO-STUDY01-Site010-0045,Site010,Q-89767,MISSING FORM,OPEN,MEDIUM,2024-04-05,,422,DM,DM_TEAM
DEMO-STUDY01,DEMO-STUDY01-Site010-0045,Site010,Q-18567,OUT OF RANGE,ANSWERED,LOW,2024-08-18,2024-08-23,5,PD,SAFETY
DEMO-STUDY01,DEMO-STUDY01-Site001-0047,Site001,Q-98861,OUT OF RANGE,OPEN,MEDIUM,2024-05-29,,368,DS,SAFETY
DEMO-STUDY01,DEMO-STUDY01-Site001-0047,Site001,Q-26984,SAE RECONCILIATION,CLOSED,MEDIUM,2023-12-30,2024-01-03,4,AE,VENDOR
DEMO-STUDY01,DEMO-STUDY01-Site001-0047,Site001,Q-83340,MISSING FORM,CLOSED,MEDIUM,2024-08-03,2024-08-06,3,DM,DM_TEAM
DEMO-STUDY01,DEMO-STUDY01-Site010-0048,Site010,Q-21302,OUT OF RANGE,OPEN,MEDIUM,2024-07-06,,330,LB,SAFETY
DEMO-STUDY01,DEMO-STUDY01-Site010-0048,Site010,Q-90910,SAE RECONCILIATION,ANSWERED,MEDIUM,2024-09-19,2024-09-23,4,LB,VENDOR
DEMO-STUDY01,DEMO-STUDY01-Site004-0049,Site004,Q-53872,MISSING FORM,CLOSED,LOW,2024-10-24,2024-11-03,10,PD,DM_TEAM
DEMO-STUDY01,DEMO-STUDY01-Site004-0049,Site004,Q-30103,SAE RECONCILIATION,CLOSED,MEDIUM,2024-11-13,2024-11-26,13,PD,VENDOR
DEMO-STUDY01,DEMO-STUDY01-Site004-0049,Site004,Q-49666,PROTOCOL DEVIATION,CLOSED,MEDIUM,2024-10-01,2024-10-04,3,LB,SAFETY
DEMO-STUDY01,DEMO-STUDY01-Site004-0049,Site004,Q-24153,MISSING FORM,CLOSED,MEDIUM,2024-06-19,2024-07-03,14,AE,SITE_CRA
DEMO-STUDY01,DEMO-STUDY01-Site007-0050,Site007,Q-37306,PROTOCOL DEVIATION,CLOSED,HIGH,2025-01-15,2025-01-23,8,PD,DM_TEAM
DEMO-STUDY01,DEMO-STUDY01-Site007-0050,Site007,Q-37632,PROTOCOL DEVIATION,CLOSED,MEDIUM,2025-04-08,2025-04-18,10,DM,SITE_CRA
DEMO-STUDY01,DEMO-STUDY01-Site008-0053,Site008,Q-57523,MISSING FORM,CANCELLED,LOW,2023-06-07,2023-06-21,14,DM,SAFETY
DEMO-STUDY01,DEMO-STUDY01-Site008-0053,Site008,Q-73374,SAE RECONCILIATION,OPEN,MEDIUM,2023-04-22,,771,DS,DM_TEAM
DEMO-STUDY01,DEMO-STUDY01-Site003-0054,Site003,Q-83509,INCONSISTENT DATES,ANSWERED,MEDIUM,2023-12-06,2023-12-15,9,LB,SITE_CRA
DEMO-STUDY01,DEMO-STUDY01-Site003-0054,Site003,Q-80507,OUT OF RANGE,CLOSED,HIGH,2023-03-07,2023-03-18,11,DM,SAFETY
DEMO-STUDY01,DEMO-STUDY01-Site003-0055,Site003,Q-14757,INCONSISTENT DATES,ANSWERED,HIGH,2024-01-06,2024-01-17,11,DS,DM_TEAM
DEMO-STUDY01,DEMO-STUDY01-Site009-0056,Site009,Q-72823,DATA MISSING,CLOSED,MEDIUM,2024-06-09,2024-06-22,13,DS,SITE_CRA
DEMO-STUDY01,DEMO-STUDY01-Site009-0056,Site009,Q-68066,MISSING FORM,ANSWERED,MEDIUM,2024-09-14,2024-09-22,8,DS,DM_TEAM
DEMO-STUDY01,DEMO-STUDY01-Site009-0058,Site009,Q-38865,MISSING FORM,CLOSED,MEDIUM,2024-03-09,2024-03-11,2,AE,SITE_CRA
DEMO-STUDY01,DEMO-STUDY01-Site009-0058,Site009,Q-65168,SAE RECONCILIATION,CLOSED,HIGH,2024-06-05,2024-06-09,4,LB,VENDOR
DEMO-STUDY01,DEMO-STUDY01-Site009-0059,Site009,Q-95382,SAE RECONCILIATION,CANCELLED,MEDIUM,2024-07-09,2024-07-11,2,DM,SAFETY
DEMO-STUDY01,DEMO-STUDY01-Site009-0059,Site009,Q-66373,DATA MISSING,OPEN,LOW,2024-12-24,,159,LB,SAFETY
DEMO-STUDY01,DEMO-STUDY01-Site005-0060,Site005,Q-94458,PROTOCOL DEVIATION,CANCELLED,LOW,2023-07-28,2023-08-05,8,DS,SITE_CRA
DEMO-STUDY01,DEMO-STUDY01-Site005-0060,Site005,Q-16150,INCONSISTENT DATES,ANSWERED,HIGH,2023-12-02,2023-12-04,2,DS,SAFETY
DEMO-STUDY01,DEMO-STUDY01-Site003-0062,Site003,Q-24596,SAE RECONCILIATION,CLOSED,MEDIUM,2024-02-28,2024-03-11,12,DM,SITE_CRA
DEMO-STUDY01,DEMO-STUDY01-Site003-0062,Site003,Q-27771,DATA MISSING,OPEN,LOW,2023-10-09,,601,LB,SITE_CRA
DEMO-STUDY01,DEMO-STUDY01-Site003-0062,Site003,Q-38529,OUT OF RANGE,CLOSED,MEDIUM,2024-03-19,2024-03-20,1,DM,VENDOR
DEMO-STUDY01,DEMO-STUDY01-Site003-0062,Site003,Q-65029,MISSING FORM,ANSWERED,LOW,2024-04-10,2024-04-19,9,PD,SITE_CRA
DEMO-STUDY01,DEMO-STUDY01-Site003-0062,Site003,Q-84532,OUT OF RANGE,OPEN,LOW,2023-09-15,,625,DS,SITE_CRA
DEMO-STUDY01,DEMO-STUDY01-Site001-0063,Site001,Q-11622,SAE RECONCILIATION,ANSWERED,HIGH,2024-02-24,2024-03-07,12,DS,SAFETY
DEMO-STUDY01,DEMO-STUDY01-Site001-0063,Site001,Q-56828,DATA MISSING,CLOSED,MEDIUM,2024-07-07,2024-07-15,8,AE,DM_TEAM
DEMO-STUDY01,DEMO-STUDY01-Site010-0064,Site010,Q-71120,OUT OF RANGE,OPEN,HIGH,2023-12-04,,545,LB,SITE_CRA
DEMO-STUDY01,DEMO-STUDY01-Site010-0064,Site010,Q-99599,PROTOCOL DEVIATION,ANSWERED,LOW,2023-08-25,2023-09-02,8,LB,SITE_CRA
DEMO-STUDY01,DEMO-STUDY01-Site010-0064,Site010,Q-14853,MISSING FORM,ANSWERED,LOW,2023-11-02,2023-11-10,8,DM,SITE_CRA
DEMO-STUDY01,DEMO-STUDY01-Site006-0066,Site006,Q-25048,DATA MISSING,CLOSED,MEDIUM,2024-01-17,2024-01-22,5,DS,SAFETY
DEMO-STUDY01,DEMO-STUDY01-Site006-0066,Site006,Q-34354,OUT OF RANGE,ANSWERED,HIGH,2023-10-12,2023-10-19,7,PD,VENDOR
DEMO-STUDY01,DEMO-STUDY01-Site002-0067,Site002,Q-79626,DATA MISSING,ANSWERED,HIGH,2023-09-03,2023-09-15,12,AE,DM_TEAM
DEMO-STUDY01,DEMO-STUDY01-Site003-0068,Site003,Q-22254,SAE RECONCILIATION,CLOSED,LOW,2024-03-17,2024-03-25,8,DS,SITE_CRA
DEMO-STUDY01,DEMO-STUDY01-Site006-0069,Site006,Q-47641,DATA MISSING,OPEN,MEDIUM,2023-04-08,,785,DS,SITE_CRA
DEMO-STUDY01,DEMO-STUDY01-Site006-0069,Site006,Q-34070,DATA MISSING,ANSWERED,MEDIUM,2023-11-18,2023-11-23,5,AE,SAFETY
DEMO-STUDY01,DEMO-STUDY01-Site006-0069,Site006,Q-61571,OUT OF RANGE,CLOSED,MEDIUM,2023-10-14,2023-10-28,14,AE,SAFETY
DEMO-STUDY01,DEMO-STUDY01-Site006-0069,Site006,Q-45435,PROTOCOL DEVIATION,CLOSED,MEDIUM,2023-12-11,2023-12-19,8,LB,DM_TEAM
DEMO-STUDY01,DEMO-STUDY01-Site006-0069,Site006,Q-33510,PROTOCOL DEVIATION,ANSWERED,MEDIUM,2023-08-31,2023-09-07,7,DM,VENDOR
DEMO-STUDY01,DEMO-STUDY01-Site005-0070,Site005,Q-39430,SAE RECONCILIATION,CLOSED,MEDIUM,2024-04-12,2024-04-26,14,LB,SAFETY
DEMO-STUDY01,DEMO-STUDY01-Site005-0070,Site005,Q-55084,MISSING FORM,OPEN,HIGH,2023-10-07,,603,DS,VENDOR
DEMO-STUDY01,DEMO-STUDY01-Site005-0070,Site005,Q-68606,DATA MISSING,CLOSED,LOW,2024-03-01,2024-03-13,12,DM,SAFETY
DEMO-STUDY01,DEMO-STUDY01-Site005-0070,Site005,Q-12050,SAE RECONCILIATION,OPEN,MEDIUM,2023-11-02,,577,AE,VENDOR
DEMO-STUDY01,DEMO-STUDY01-Site005-0071,Site005,Q-99431,PROTOCOL DEVIATION,OPEN,MEDIUM,2023-12-12,,537,AE,DM_TEAM
DEMO-STUDY01,DEMO-STUDY01-Site005-0071,Site005,Q-47573,MISSING FORM,OPEN,MEDIUM,2023-11-30,,549,DS,SITE_CRA
DEMO-STUDY01,DEMO-STUDY01-Site004-0072,Site004,Q-51844,OUT OF RANGE,CLOSED,MEDIUM,2023-09-09,2023-09-15,6,AE,SAFETY
DEMO-STUDY01,DEMO-STUDY01-Site004-0072,Site004,Q-37376,INCONSISTENT DATES,ANSWERED,LOW,2023-11-26,2023-12-05,9,DS,DM_TEAM
DEMO-STUDY01,DEMO-STUDY01-Site006-0073,Site006,Q-52874,INCONSISTENT DATES,CANCELLED,MEDIUM,2023-06-28,2023-07-11,13,AE,SITE_CRA
DEMO-STUDY01,DEMO-STUDY01-Site006-0073,Site006,Q-38831,OUT OF RANGE,OPEN,MEDIUM,2023-10-31,,579,DS,SAFETY
DEMO-STUDY01,DEMO-STUDY01-Site005-0075,Site005,Q-98801,PROTOCOL DEVIATION,CLOSED,HIGH,2023-06-11,2023-06-20,9,DM,DM_TEAM
DEMO-STUDY01,DEMO-STUDY01-Site005-0075,Site005,Q-90199,OUT OF RANGE,ANSWERED,LOW,2023-12-25,2023-12-31,6,AE,SITE_CRA
DEMO-STUDY01,DEMO-STUDY01-Site005-0075,Site005,Q-13020,PROTOCOL DEVIATION,OPEN,HIGH,2023-06-19,,713,DM,SITE_CRA
DEMO-STUDY01,DEMO-STUDY01-Site005-0075,Site005,Q-12396,OUT OF RANGE,CLOSED,LOW,2023-06-22,2023-07-06,14,AE,VENDOR
DEMO-STUDY01,DEMO-STUDY01-Site005-0076,Site005,Q-75082,DATA MISSING,CLOSED,MEDIUM,2024-03-18,2024-03-30,12,DS,DM_TEAM
DEMO-STUDY01,DEMO-STUDY01-Site005-0076,Site005,Q-12469,PROTOCOL DEVIATION,CLOSED,MEDIUM,2024-04-21,2024-05-02,11,LB,DM_TEAM
DEMO-STUDY01,DEMO-STUDY01-Site003-0077,Site003,Q-12719,OUT OF RANGE,OPEN,MEDIUM,2024-07-01,,335,AE,VENDOR
DEMO-STUDY01,DEMO-STUDY01-Site006-0078,Site006,Q-85418,DATA MISSING,OPEN,MEDIUM,2024-11-05,,208,AE,VENDOR
DEMO-STUDY01,DEMO-STUDY01-Site006-0078,Site006,Q-86242,MISSING FORM,OPEN,HIGH,2024-09-05,,269,DM,VENDOR
DEMO-STUDY01,DEMO-STUDY01-Site009-0079,Site009,Q-23507,PROTOCOL DEVIATION,OPEN,MEDIUM,2023-02-21,,831,AE,VENDOR
DEMO-STUDY01,DEMO-STUDY01-Site009-0079,Site009,Q-90395,MISSING FORM,OPEN,LOW,2023-08-22,,649,DM,SITE_CRA
DEMO-STUDY01,DEMO-STUDY01-Site008-0080,Site008,Q-31195,PROTOCOL DEVIATION,CANCELLED,MEDIUM,2024-03-13,2024-03-26,13,PD,DM_TEAM
DEMO-STUDY01,DEMO-STUDY01-Site001-0081,Site001,Q-37082,INCONSISTENT DATES,ANSWERED,HIGH,2023-04-11,2023-04-14,3,AE,SITE_CRA
DEMO-STUDY01,DEMO-STUDY01-Site005-0082,Site005,Q-85932,OUT OF RANGE,CLOSED,MEDIUM,2023-05-08,2023-05-21,13,AE,SAFETY
DEMO-STUDY01,DEMO-STUDY01-Site005-0082,Site005,Q-62930,DATA MISSING,CLOSED,LOW,2023-06-22,2023-07-03,11,PD,DM_TEAM
DEMO-STUDY01,DEMO-STUDY01-Site002-0083,Site002,Q-29982,INCONSISTENT DATES,ANSWERED,MEDIUM,2024-08-28,2024-09-03,6,DM,DM_TEAM
DEMO-STUDY01,DEMO-STUDY01-Site002-0083,Site002,Q-28639,OUT OF RANGE,ANSWERED,LOW,2024-09-20,2024-10-02,12,DM,DM_TEAM
DEMO-STUDY01,DEMO-STUDY01-Site002-0083,Site002,Q-95553,PROTOCOL DEVIATION,CLOSED,HIGH,2024-03-17,2024-03-28,11,DS,VENDOR
DEMO-STUDY01,DEMO-STUDY01-Site003-0084,Site003,Q-21536,MISSING FORM,ANSWERED,MEDIUM,2023-04-20,2023-05-04,14,PD,DM_TEAM
DEMO-STUDY01,DEMO-STUDY01-Site003-0084,Site003,Q-15109,SAE RECONCILIATION,OPEN,MEDIUM,2023-09-18,,622,LB,VENDOR
DEMO-STUDY01,DEMO-STUDY01-Site003-0084,Site003,Q-36589,INCONSISTENT DATES,OPEN,MEDIUM,2023-10-27,,583,LB,DM_TEAM
DEMO-STUDY01,DEMO-STUDY01-Site004-0085,Site004,Q-58787,DATA MISSING,CANCELLED,MEDIUM,2023-06-08,2023-06-14,6,AE,VENDOR
DEMO-STUDY01,DEMO-STUDY01-Site004-0085,Site004,Q-55004,MISSING FORM,CLOSED,HIGH,2023-03-26,2023-04-04,9,PD,SITE_CRA
DEMO-STUDY01,DEMO-STUDY01-Site004-0085,Site004,Q-33398,INCONSISTENT DATES,OPEN,MEDIUM,2023-07-05,,697,AE,SAFETY
DEMO-STUDY01,DEMO-STUDY01-Site004-0085,Site004,Q-72768,OUT OF RANGE,OPEN,HIGH,2023-07-08,,694,LB,SITE_CRA
DEMO-STUDY01,DEMO-STUDY01-Site004-0085,Site004,Q-36015,DATA MISSING,CANCELLED,LOW,2023-04-02,2023-04-09,7,AE,VENDOR
DEMO-STUDY01,DEMO-STUDY01-Site003-0086,Site003,Q-37961,MISSING FORM,CLOSED,MEDIUM,2023-07-28,2023-08-03,6,LB,SAFETY
DEMO-STUDY01,DEMO-STUDY01-Site003-0086,Site003,Q-46877,OUT OF RANGE,OPEN,LOW,2024-02-26,,461,PD,SAFETY
DEMO-STUDY01,DEMO-STUDY01-Site003-0086,Site003,Q-89148,OUT OF RANGE,OPEN,MEDIUM,2023-05-17,,746,PD,DM_TEAM
DEMO-STUDY01,DEMO-STUDY01-Site008-0087,Site008,Q-26082,MISSING FORM,OPEN,MEDIUM,2024-01-12,,506,DM,SAFETY
DEMO-STUDY01,DEMO-STUDY01-Site008-0087,Site008,Q-18946,OUT OF RANGE,OPEN,MEDIUM,2024-03-01,,457,DM,SAFETY
DEMO-STUDY01,DEMO-STUDY01-Site003-0088,Site003,Q-49443,PROTOCOL DEVIATION,CLOSED,HIGH,2024-02-25,2024-03-10,14,DM,SAFETY
DEMO-STUDY01,DEMO-STUDY01-Site003-0088,Site003,Q-41860,INCONSISTENT DATES,CLOSED,MEDIUM,2024-05-27,2024-06-06,10,AE,SAFETY
DEMO-STUDY01,DEMO-STUDY01-Site003-0088,Site003,Q-27778,INCONSISTENT DATES,CLOSED,LOW,2024-11-09,2024-11-12,3,PD,SAFETY
DEMO-STUDY01,DEMO-STUDY01-Site003-0088,Site003,Q-94878,DATA MISSING,ANSWERED,HIGH,2024-10-15,2024-10-20,5,PD,VENDOR
DEMO-STUDY01,DEMO-STUDY01-Site006-0089,Site006,Q-14648,MISSING FORM,CLOSED,HIGH,2025-03-30,2025-04-12,13,DS,SAFETY
DEMO-STUDY01,DEMO-STUDY01-Site006-0089,Site006,Q-79350,MISSING FORM,CLOSED,MEDIUM,2024-06-24,2024-07-03,9,DM,DM_TEAM
DEMO-STUDY01,DEMO-STUDY01-Site006-0089,Site006,Q-23760,PROTOCOL DEVIATION,OPEN,HIGH,2024-07-08,,328,DS,SAFETY
DEMO-STUDY01,DEMO-STUDY01-Site009-0090,Site009,Q-81260,INCONSISTENT DATES,ANSWERED,MEDIUM,2024-04-02,2024-04-12,10,DM,DM_TEAM
DEMO-STUDY01,DEMO-STUDY01-Site001-0091,Site001,Q-65204,SAE RECONCILIATION,OPEN,MEDIUM,2023-11-20,,559,DM,DM_TEAM
DEMO-STUDY01,DEMO-STUDY01-Site001-0091,Site001,Q-93310,MISSING FORM,CLOSED,MEDIUM,2023-06-09,2023-06-21,12,DS,VENDOR
DEMO-STUDY01,DEMO-STUDY01-Site001-0091,Site001,Q-10281,SAE RECONCILIATION,OPEN,MEDIUM,2023-06-19,,713,LB,SITE_CRA
DEMO-STUDY01,DEMO-STUDY01-Site007-0092,Site007,Q-35611,INCONSISTENT DATES,CLOSED,MEDIUM,2023-09-10,2023-09-24,14,AE,VENDOR
DEMO-STUDY01,DEMO-STUDY01-Site007-0093,Site007,Q-25398,OUT OF RANGE,CLOSED,MEDIUM,2024-08-16,2024-08-25,9,PD,SITE_CRA
DEMO-STUDY01,DEMO-STUDY01-Site007-0094,Site007,Q-20225,SAE RECONCILIATION,CLOSED,HIGH,2025-01-02,2025-01-10,8,DS,VENDOR
DEMO-STUDY01,DEMO-STUDY01-Site009-0095,Site009,Q-98009,MISSING FORM,CLOSED,MEDIUM,2023-12-18,2023-12-28,10,DM,SITE_CRA
DEMO-STUDY01,DEMO-STUDY01-Site009-0095,Site009,Q-60138,DATA MISSING,CLOSED,MEDIUM,2023-10-22,2023-10-23,1,DM,DM_TEAM
DEMO-STUDY01,DEMO-STUDY01-Site002-0096,Site002,Q-46059,INCONSISTENT DATES,CLOSED,LOW,2023-07-13,2023-07-27,14,DM,DM_TEAM
DEMO-STUDY01,DEMO-STUDY01-Site002-0096,Site002,Q-37208,SAE RECONCILIATION,CANCELLED,MEDIUM,2023-10-21,2023-11-03,13,DM,SAFETY
DEMO-STUDY01,DEMO-STUDY01-Site009-0097,Site009,Q-83297,SAE RECONCILIATION,ANSWERED,LOW,2024-09-25,2024-09-27,2,LB,DM_TEAM
DEMO-STUDY01,DEMO-STUDY01-Site009-0097,Site009,Q-61924,DATA MISSING,OPEN,MEDIUM,2024-10-22,,222,DS,SAFETY
DEMO-STUDY01,DEMO-STUDY01-Site009-0098,Site009,Q-73449,OUT OF RANGE,OPEN,MEDIUM,2024-08-16,,289,AE,SITE_CRA
DEMO-STUDY01,DEMO-STUDY01-Site009-0098,Site009,Q-16471,INCONSISTENT DATES,ANSWERED,MEDIUM,2024-07-21,2024-07-31,10,DS,DM_TEAM
DEMO-STUDY01,DEMO-STUDY01-Site008-0099,Site008,Q-56819,OUT OF RANGE,OPEN,LOW,2024-03-19,,439,AE,VENDOR
DEMO-STUDY01,DEMO-STUDY01-Site004-0100,Site004,Q-69182,SAE RECONCILIATION,OPEN,LOW,2023-07-15,,687,DM,VENDOR
DEMO-STUDY01,DEMO-STUDY01-Site009-0101,Site009,Q-56881,MISSING FORM,ANSWERED,MEDIUM,2024-04-29,2024-05-02,3,DS,VENDOR
DEMO-STUDY01,DEMO-STUDY01-Site006-0102,Site006,Q-53596,PROTOCOL DEVIATION,CLOSED,LOW,2024-02-01,2024-02-02,1,LB,SAFETY
DEMO-STUDY01,DEMO-STUDY01-Site006-0102,Site006,Q-82588,DATA MISSING,OPEN,MEDIUM,2023-12-13,,536,AE,VENDOR
DEMO-STUDY01,DEMO-STUDY01-Site006-0102,Site006,Q-69189,DATA MISSING,ANSWERED,MEDIUM,2023-10-02,2023-10-08,6,DS,SITE_CRA
DEMO-STUDY01,DEMO-STUDY01-Site006-0102,Site006,Q-75429,MISSING FORM,CANCELLED,MEDIUM,2023-10-13,2023-10-20,7,PD,DM_TEAM
DEMO-STUDY01,DEMO-STUDY01-Site004-0103,Site004,Q-81831,DATA MISSING,CLOSED,MEDIUM,2024-01-29,2024-02-06,8,DS,VENDOR
DEMO-STUDY01,DEMO-STUDY01-Site004-0103,Site004,Q-17227,INCONSISTENT DATES,CLOSED,LOW,2023-11-19,2023-11-23,4,LB,VENDOR
DEMO-STUDY01,DEMO-STUDY01-Site002-0104,Site002,Q-27633,DATA MISSING,OPEN,MEDIUM,2023-04-06,,787,DM,SITE_CRA
DEMO-STUDY01,DEMO-STUDY01-Site008-0106,Site008,Q-17421,DATA MISSING,CLOSED,LOW,2024-07-04,2024-07-13,9,LB,SAFETY
DEMO-STUDY01,DEMO-STUDY01-Site008-0106,Site008,Q-42117,SAE RECONCILIATION,CLOSED,LOW,2024-07-11,2024-07-21,10,DM,SAFETY
DEMO-STUDY01,DEMO-STUDY01-Site008-0106,Site008,Q-70946,PROTOCOL DEVIATION,OPEN,LOW,2025-01-22,,130,AE,VENDOR
DEMO-STUDY01,DEMO-STUDY01-Site009-0107,Site009,Q-24210,DATA MISSING,CLOSED,MEDIUM,2024-04-19,2024-04-23,4,LB,SITE_CRA
DEMO-STUDY01,DEMO-STUDY01-Site010-0108,Site010,Q-20756,PROTOCOL DEVIATION,CLOSED,MEDIUM,2023-07-14,2023-07-26,12,DS,VENDOR
DEMO-STUDY01,DEMO-STUDY01-Site006-0109,Site006,Q-15249,PROTOCOL DEVIATION,OPEN,MEDIUM,2023-10-23,,587,DM,SAFETY
DEMO-STUDY01,DEMO-STUDY01-Site006-0109,Site006,Q-54843,INCONSISTENT DATES,ANSWERED,LOW,2023-11-19,2023-11-25,6,DS,DM_TEAM
DEMO-STUDY01,DEMO-STUDY01-Site006-0109,Site006,Q-10207,INCONSISTENT DATES,CLOSED,HIGH,2023-11-20,2023-11-27,7,DM,SAFETY
DEMO-STUDY01,DEMO-STUDY01-Site008-0110,Site008,Q-65922,MISSING FORM,OPEN,LOW,2023-12-21,,528,PD,DM_TEAM
DEMO-STUDY01,DEMO-STUDY01-Site008-0110,Site008,Q-95957,MISSING FORM,CLOSED,HIGH,2023-08-27,2023-08-31,4,DM,DM_TEAM
DEMO-STUDY01,DEMO-STUDY01-Site008-0110,Site008,Q-29169,SAE RECONCILIATION,CLOSED,HIGH,2024-01-25,2024-01-29,4,DM,SAFETY
DEMO-STUDY01,DEMO-STUDY01-Site008-0110,Site008,Q-45585,OUT OF RANGE,ANSWERED,MEDIUM,2023-08-20,2023-08-29,9,DM,SAFETY
DEMO-STUDY01,DEMO-STUDY01-Site008-0111,Site008,Q-71929,PROTOCOL DEVIATION,CANCELLED,LOW,2024-08-27,2024-09-01,5,AE,SITE_CRA
DEMO-STUDY01,DEMO-STUDY01-Site008-0111,Site008,Q-70631,INCONSISTENT DATES,CLOSED,LOW,2024-06-27,2024-07-11,14,LB,VENDOR
DEMO-STUDY01,DEMO-STUDY01-Site008-0111,Site008,Q-88222,SAE RECONCILIATION,ANSWERED,HIGH,2024-04-13,2024-04-22,9,LB,SITE_CRA
DEMO-STUDY01,DEMO-STUDY01-Site008-0111,Site008,Q-15656,INCONSISTENT DATES,CANCELLED,HIGH,2024-10-29,2024-11-08,10,DM,VENDOR
DEMO-STUDY01,DEMO-STUDY01-Site004-0112,Site004,Q-21138,OUT OF RANGE,OPEN,MEDIUM,2024-02-13,,474,DM,DM_TEAM
DEMO-STUDY01,DEMO-STUDY01-Site006-0113,Site006,Q-50108,PROTOCOL DEVIATION,OPEN,LOW,2024-07-14,,322,PD,DM_TEAM
DEMO-STUDY01,DEMO-STUDY01-Site008-0114,Site008,Q-82146,OUT OF RANGE,CLOSED,MEDIUM,2023-03-13,2023-03-25,12,AE,SITE_CRA
DEMO-STUDY01,DEMO-STUDY01-Site008-0114,Site008,Q-56332,DATA MISSING,ANSWERED,MEDIUM,2023-06-08,2023-06-10,2,DM,SAFETY
DEMO-STUDY01,DEMO-STUDY01-Site008-0114,Site008,Q-38141,OUT OF RANGE,OPEN,MEDIUM,2023-06-27,,705,PD,DM_TEAM
DEMO-STUDY01,DEMO-STUDY01-Site008-0114,Site008,Q-33312,SAE RECONCILIATION,CLOSED,MEDIUM,2023-10-16,2023-10-24,8,PD,DM_TEAM
DEMO-STUDY01,DEMO-STUDY01-Site003-0115,Site003,Q-90354,OUT OF RANGE,ANSWERED,MEDIUM,2024-02-26,2024-03-10,13,DS,DM_TEAM
DEMO-STUDY01,DEMO-STUDY01-Site003-0115,Site003,Q-80017,MISSING FORM,CANCELLED,MEDIUM,2024-01-27,2024-02-03,7,DS,SITE_CRA
DEMO-STUDY01,DEMO-STUDY01-Site003-0115,Site003,Q-66532,SAE RECONCILIATION,ANSWERED,LOW,2024-01-06,2024-01-16,10,DS,VENDOR
DEMO-STUDY01,DEMO-STUDY01-Site008-0116,Site008,Q-39300,INCONSISTENT DATES,CLOSED,HIGH,2023-12-02,2023-12-07,5,AE,VENDOR
DEMO-STUDY01,DEMO-STUDY01-Site008-0117,Site008,Q-65316,INCONSISTENT DATES,ANSWERED,LOW,2024-03-20,2024-03-26,6,DM,VENDOR
DEMO-STUDY01,DEMO-STUDY01-Site008-0117,Site008,Q-74641,PROTOCOL DEVIATION,CLOSED,HIGH,2023-08-29,2023-09-07,9,DM,SITE_CRA
DEMO-STUDY01,DEMO-STUDY01-Site001-0118,Site001,Q-33472,DATA MISSING,CLOSED,HIGH,2024-10-17,2024-10-25,8,DS,SAFETY
DEMO-STUDY01,DEMO-STUDY01-Site001-0118,Site001,Q-32614,SAE RECONCILIATION,CLOSED,HIGH,2024-04-05,2024-04-06,1,DM,SAFETY
DEMO-STUDY01,DEMO-STUDY01-Site001-0118,Site001,Q-99570,DATA MISSING,CLOSED,LOW,2024-03-10,2024-03-13,3,DS,VENDOR
DEMO-STUDY01,DEMO-STUDY01-Site001-0118,Site001,Q-74027,OUT OF RANGE,ANSWERED,MEDIUM,2024-09-11,2024-09-14,3,DS,DM_TEAM
DEMO-STUDY01,DEMO-STUDY01-Site007-0119,Site007,Q-49279,PROTOCOL DEVIATION,OPEN,LOW,2024-04-01,,426,DM,DM_TEAM
DEMO-STUDY01,DEMO-STUDY01-Site007-0119,Site007,Q-16979,MISSING FORM,OPEN,HIGH,2024-04-12,,415,DM,SITE_CRA
DEMO-STUDY01,DEMO-STUDY01-Site008-0120,Site008,Q-49071,PROTOCOL DEVIATION,CLOSED,MEDIUM,2024-12-03,2024-12-08,5,AE,SAFETY
DEMO-STUDY01,DEMO-STUDY01-Site008-0120,Site008,Q-55000,DATA MISSING,CANCELLED,MEDIUM,2024-12-18,2024-12-25,7,PD,SITE_CRA
DEMO-STUDY01,DEMO-STUDY01-Site008-0120,Site008,Q-24291,SAE RECONCILIATION,CANCELLED,MEDIUM,2024-07-12,2024-07-26,14,LB,SITE_CRA
